Team,Record,NET_Rank
South Carolina,27-0,1
Connecticut,24-5,2
Stanford,24-4,3
Texas,26-4,4
Iowa,25-4,5
UCLA,22-5,6
Utah,19-8,7
Ohio State,24-3,8
Louisiana State,24-4,9
Notre Dame,21-6,10
Gonzaga,29-2,11
Southern California,21-5,12
Indiana,23-4,13
Virginia Tech,23-4,14
NC State,23-5,15
Colorado,20-7,16
Kansas State,23-6,17
Baylor,22-6,18
Oregon State,22-5,19
Duke,18-9,20
West Virginia,22-6,21
Michigan State,20-7,22
Louisville,22-7,23
Creighton,23-4,24
Washington State,17-13,25
Oklahoma,21-7,26
Alabama,21-8,27
Nebraska,19-9,28
Princeton,20-4,29
North Carolina,18-10,30
Penn State,17-11,31
Maryland,16-11,32
Arizona,16-12,33
Iowa State,17-10,34
Nevada-Las Vegas,25-2,35
Middle Tennessee,23-4,36
Marquette,21-7,37
Tennessee,16-10,38
Texas A&M,18-9,39
Kansas,17-11,40
Mississippi State,20-9,41
Florida State,20-8,42
Mississippi,20-7,43
Syracuse,23-5,44
TCU,18-9,45
Illinois,13-13,46
Auburn,17-10,47
Miami (FL),17-10,48
Washington,15-12,49
Green Bay,23-5,50
Villanova,17-11,51
Michigan,17-12,52
Richmond,25-5,53
Florida Gulf Coast,22-4,54
Oklahoma State,14-14,55
Vanderbilt,20-8,56
South Dakota State,20-5,57
Saint Joseph's,25-4,58
Columbia,19-5,59
Minnesota,15-13,60
Florida,14-12,61
Virginia,14-13,62
California,16-12,63
George Mason,22-5,64
Arkansas,18-11,65
Seton Hall,16-12,66
Toledo,21-4,67
Stony Brook,21-3,68
Belmont,20-7,69
Virginia Commonwealth,24-4,70
Drake,22-5,71
Purdue,12-16,72
Georgia Tech,15-14,73
Eastern Washington,21-5,74
Texas Tech,16-14,75
Ball State,23-4,76
Santa Clara,20-7,77
Brigham Young,16-14,78
Cleveland State,26-4,79
Missouri,11-16,80
St. John's (NY),17-13,81
Davidson,18-8,82
Fairfield,23-1,83
Marshall,20-6,84
Rhode Island,17-13,85
North Texas,20-7,86
Harvard,15-9,87
Clemson,11-17,88
Central Florida,11-15,89
Grand Canyon,22-5,90
Georgia,12-15,91
Cincinnati,13-15,92
Oregon,11-18,93
Boston College,11-18,94
Georgetown,18-10,95
Montana,18-7,96
Colorado State,17-9,97
Houston,13-15,98
Temple,17-11,99
Northern Iowa,11-14,100
Jackson State,16-6,101
DePaul,12-18,102
Rice,15-12,103
Murray State,15-9,104
North Dakota State,16-9,105
Chattanooga,21-4,106
South Florida,16-13,107
East Carolina,15-12,108
Missouri State,18-7,109
Arizona State,11-17,110
Wyoming,14-12,111
Troy,18-10,112
Kent State,15-8,113
Maine,19-9,114
James Madison,19-10,115
Portland,15-12,116
Norfolk State,20-5,117
Tulsa,21-8,118
Old Dominion,20-7,119
Southern Methodist,14-13,120
Charlotte,16-12,121
Illinois State,17-8,122
Wisconsin,13-13,123
Butler,13-14,124
Providence,12-18,125
Boise State,17-10,126
Duquesne,18-10,127
Northern Arizona,19-8,128
California Baptist,22-3,129
Lamar,18-5,130
Memphis,12-15,131
Vermont,18-10,132
Southern Mississippi,16-11,133
South Dakota,16-10,134
Wake Forest,6-22,135
UC Irvine,17-8,136
North Carolina A&T,15-8,137
Louisiana-Monroe,16-11,138
UTSA,14-13,139
College of Charleston,16-7,140
Liberty,11-14,141
Oral Roberts,15-9,142
San Diego State,16-11,143
Hawaii,16-9,144
UAB,17-10,145
Montana State,15-13,146
Purdue Fort Wayne,17-11,147
Kentucky,11-17,148
Stephen F. Austin,16-9,149
Rutgers,8-22,150
Pacific,14-12,151
Albany (NY),22-4,152
New Mexico,19-9,153
Cal Poly,14-11,154
Pittsburgh,8-21,155
Central Arkansas,16-10,156
Illinois-Chicago,16-11,157
San Francisco,11-15,158
Monmouth,17-8,159
Saint Louis,12-17,160
Southern Indiana,18-6,161
Loyola (IL),14-14,162
Brown,13-10,163
East Tennessee State,16-9,164
Tulane,10-17,165
Arkansas State,12-15,166
Western Kentucky,14-14,167
Appalachian State,15-14,168
Northern Colorado,11-13,169
Fordham,10-15,170
William & Mary,14-11,171
Lipscomb,14-11,172
Pennsylvania,11-11,173
Bowling Green State,14-12,174
Southeastern Louisiana,14-9,175
Florida International,17-9,176
Eastern Kentucky,18-8,177
Delaware,10-16,178
Louisiana Tech,10-17,179
Louisiana,12-13,180
Arkansas-Pine Bluff,13-13,181
Idaho,11-14,182
UC Davis,13-12,183
George Washington,11-17,184
Holy Cross,15-11,185
UT Arlington,14-13,186
Buffalo,15-10,187
Drexel,11-13,188
Austin Peay,12-13,189
Utah Tech,14-11,190
Towson,16-9,191
Siena,14-11,192
UC Santa Barbara,14-10,193
Texas A&M-Corpus Christi,14-8,194
Georgia State,13-13,195
Air Force,12-16,196
Wofford,11-11,197
Nevada,13-15,198
Mercer,13-16,199
Idaho State,10-15,200
Wright State,14-13,201
Fresno State,12-15,202
Georgia Southern,12-16,203
UC Riverside,14-11,204
Campbell,12-11,205
Saint Mary's (CA),11-16,206
Loyola Marymount,8-16,207
Incarnate Word,13-9,208
Northwestern,8-20,209
Tennessee Tech,13-12,210
Abilene Christian,8-14,211
UNC Greensboro,14-10,212
Milwaukee,13-15,213
New Mexico State,10-15,214
San Diego,7-19,215
Southern Illinois,8-18,216
Colgate,15-11,217
Texas State,11-17,218
Grambling,14-8,219
Southern,10-14,220
Long Beach State,10-15,221
Tennessee-Martin,12-14,222
Florida Atlantic,9-17,223
UTEP,8-16,224
Wichita State,8-20,225
Maryland-Eastern Shore,11-12,226
Niagara,15-12,227
UC San Diego,9-16,228
Coastal Carolina,9-20,229
Detroit Mercy,15-14,230
Manhattan,17-8,231
Morehead State,11-13,232
Sacred Heart,16-9,233
Boston University,16-10,234
Howard,11-14,235
St. Thomas,12-14,236
Youngstown State,12-16,237
Western Michigan,11-14,238
Canisius,14-11,239
Binghamton,10-15,240
Northern Kentucky,9-18,241
Oakland,9-15,242
Dayton,9-17,243
Stetson,13-13,244
Cal State Fullerton,9-17,245
Western Illinois,12-11,246
Indiana State,10-15,247
Yale,7-17,248
Bethune-Cookman,12-13,249
Little Rock,10-17,250
Jacksonville,8-17,251
Northern Illinois,12-14,252
Lehigh,14-12,253
Akron,9-17,254
Eastern Illinois,14-16,255
Jacksonville State,8-15,256
Kansas City,10-17,257
Nicholls State,10-14,258
Samford,11-14,259
North Alabama,10-16,260
Denver,6-20,261
Cornell,7-16,262
High Point,16-10,263
Furman,11-14,264
Southern Utah,6-18,265
Alabama A&M,13-13,266
Kennesaw State,8-18,267
Loyola (MD),14-13,268
Ohio,9-17,269
Bryant,12-13,270
Texas A&M-Commerce,9-14,271
New Orleans,10-16,272
Utah Valley,8-17,273
Northwestern State,8-16,274
Coppin State,9-16,275
Le Moyne,14-13,276
North Dakota,7-17,277
Quinnipiac,10-16,278
Bucknell,11-16,279
Weber State,6-21,280
Tarleton State,6-18,281
Massachusetts,4-26,282
St. Bonaventure,4-24,283
North Florida,6-19,284
Cal State Bakersfield,7-18,285
IUPUI,6-21,286
Mount St. Mary's,11-15,287
San Jose State,5-22,288
Miami (OH),8-18,289
Elon,8-18,290
Sam Houston,5-18,291
Bellarmine,6-18,292
American,9-18,293
Texas-Rio Grande Valley,6-19,294
Omaha,4-22,295
Maryland-Baltimore County,8-17,296
Iona,10-15,297
New Hampshire,8-18,298
Tennessee State,7-17,299
Radford,11-17,300
South Alabama,7-21,301
Hofstra,8-16,302
La Salle,7-21,303
Sacramento State,5-22,304
Presbyterian,14-13,305
Army,10-14,306
Valparaiso,5-20,307
South Carolina Upstate,14-14,308
Southeast Missouri State,6-19,309
Northeastern,8-15,310
Central Michigan,5-19,311
Merrimack,11-15,312
Lafayette,10-17,313
North Carolina Central,9-14,314
NJIT,10-17,315
Navy,9-16,316
Seattle,4-22,317
Florida A&M,8-18,318
Charleston Southern,9-18,319
Eastern Michigan,5-20,320
Lindenwood,6-19,321
Alcorn State,6-18,322
Xavier,1-25,323
Fairleigh Dickinson,9-16,324
Dartmouth,5-16,325
SIU Edwardsville,4-25,326
Marist,5-21,327
Morgan State,5-17,328
Portland State,5-21,329
Robert Morris,4-23,330
Winthrop,10-15,331
Bradley,5-21,332
Pepperdine,3-23,333
UNC Asheville,8-18,334
Rider,9-16,335
Prairie View,8-14,336
Longwood,7-19,337
Hampton,2-22,338
Massachusetts-Lowell,4-22,339
Central Connecticut State,7-19,340
Evansville,4-23,341
Utah State,4-22,342
Texas Southern,4-21,343
Cal State Northridge,2-24,344
Queens (NC),4-21,345
Gardner-Webb,6-22,346
Houston Christian,2-20,347
Mississippi Valley State,4-24,348
Saint Peter's,6-20,349
Western Carolina,3-22,350
UNC Wilmington,4-20,351
Delaware State,5-16,352
Long Island University,7-20,353
McNeese State,0-24,354
Alabama State,3-23,355
South Carolina State,2-24,356
Stonehill,4-22,357
Chicago State,0-26,358
Wagner,5-19,359
Saint Francis (PA),5-22,360
